,Style Name,Description,Format,Properties,Style Type,Diagram,Diagram No Legend,Diagram No Notes,Diagram No Legend or Notes,Diagram No Clusters,Diagram No Edges
,node,,,,node,yes,yes,yes,yes,yes,yes
,edge,,,,edge,yes,yes,yes,yes,yes,no
,subgraph-open,,,,subgraph-open,yes,yes,yes,yes,no,yes
,subgraph-close,,,,subgraph-close,yes,yes,yes,yes,no,yes
,keyword,,,,keyword,yes,yes,yes,yes,yes,yes
,native,,,,native,yes,yes,yes,yes,yes,yes
,legend node,,shape=none,,node,yes,no,yes,no,yes,yes
,legend native,,,,native,yes,no,yes,no,yes,yes
,title block node,,,,node,yes,no,yes,no,yes,yes
,title block native,,,,native,yes,no,yes,no,yes,yes
,page_border_begin,,"labelloc=top fontname=Calibri fontcolor=""#5B9BD5"" penwidth=2 fontsize=14 color=""#B3B3B3"" style=rounded margin=12",,subgraph-open,yes,yes,yes,yes,no,yes
,page_border_end,,,,subgraph-close,yes,yes,yes,yes,no,yes
,boundary_1_begin,,"penwidth=1 colorscheme=greys9 fillcolor=2 fontname=Calibri fontsize=12 style=""filled,rounded"" labelloc=top fontcolor=black color=""#B3B3B3"" margin=12",,subgraph-open,yes,yes,yes,yes,no,yes
,boundary_1_end,,,,subgraph-close,yes,yes,yes,yes,no,yes
,boundary_2_begin,,"penwidth=1 fillcolor=white fontname=Calibri fontsize=12 style=""filled,rounded"" labelloc=top fontcolor=black color=""#B3B3B3"" margin=12",,subgraph-open,yes,yes,yes,yes,no,yes
,boundary_2_end,,,,subgraph-close,yes,yes,yes,yes,no,yes
#,ACTORS,,,,,,,,,,
,alarm,"Automated signal that raises an alert when a condition, threshold, or fault is detected, triggering a predefined response. It notifies rather than decides.","shape=rectangle height=""0.75"" width=""0.75"" fixedsize=true gradientangle=90 fillcolor=""White;0.75:#E6B8B7"" color=""#E6B8B7"" fontname=Calibri fontsize=10 style=""filled,rounded"" fontcolor=black labelloc=top image=""images/alarm.png"" imagescale=False imagepos=bc","kind=""actor"" subtype=""alarm"" actor_role=""automated""",node,yes,yes,yes,yes,yes,yes
,bot,"Software agent that performs tasks, exchanges data, or triggers actions by following programmed rules, without human intervention.","shape=rectangle height=""0.75"" width=""0.75"" fixedsize=true gradientangle=90 fillcolor=""White;0.75:#CCC0DA"" color=""#CCC0DA"" fontname=Calibri fontsize=10 style=""filled,rounded"" fontcolor=black labelloc=top image=""images/robot.png"" imagescale=False imagepos=bc","kind=""actor"" subtype=""bot"" actor_role=""automated""",node,yes,yes,yes,yes,yes,yes
,event,"Occurrence such as a message arrival, timer expiration, or state change that starts, continues, or interrupts a process.","shape=rectangle height=""0.75"" width=""0.75"" fixedsize=true gradientangle=90 fillcolor=""White;0.75:#D8E4BC"" color=""#D8E4BC"" fontname=Calibri fontsize=10 style=""filled,rounded"" fontcolor=black labelloc=top image=""images/event.png"" imagescale=False imagepos=bc","kind=""actor"" subtype=""event"" actor_role=""system""",node,yes,yes,yes,yes,yes,yes
,organization,"Business unit, department, vendor, or external entity interacting with the system in an institutional role rather than as an individual.","shape=rectangle height=""0.75"" width=""0.75"" fixedsize=true gradientangle=90 fillcolor=""White;0.75:#FCD5B4"" color=""#FCD5B4"" fontname=Calibri fontsize=10 style=""filled,rounded"" fontcolor=black labelloc=top image=""images/org.png"" imagescale=False imagepos=bc","kind=""actor"" subtype=""organization"" actor_role=""human""",node,yes,yes,yes,yes,yes,yes
,person,"Individual user who initiates or receives interactions, such as submitting requests, approving steps, or consuming information.","labelloc=top shape=rectangle height=""0.75"" width=""0.75"" fixedsize=true gradientangle=90 fillcolor=""White;0.75:#B8CCE4"" color=""#B8CCE4"" fontname=Calibri fontsize=10 fontcolor=black image=""images/person.png"" imagescale=False imagepos=bc style=""filled,rounded""","kind=""actor"" subtype=""person"" actor_role=""human""",node,yes,yes,yes,yes,yes,yes
,process,Operational workflow or business activity that interacts with applications or data stores to perform actions and transform information.,"shape=rectangle height=""0.75"" width=""0.75"" fixedsize=true gradientangle=90 fillcolor=""White;0.75:#B7DEE8"" color=""#B7DEE8"" fontname=Calibri fontsize=10 style=""filled,rounded"" fontcolor=black labelloc=top image=""images/process.png"" imagescale=False imagepos=bc","kind=""actor"" subtype=""process"" actor_role=""system""",node,yes,yes,yes,yes,yes,yes
#,APPLICATIONS,,,,,,,,,,
,cloud,"Application hosted on remote infrastructure and delivered as an on-demand service, integrated through APIs or managed platform endpoints.","shape=rectangle height=""1.125"" width=""1.125"" fixedsize=true gradientangle=90 fillcolor=""White;0.85:#4F81BD"" color=""#4F81BD"" fontname=Calibri fontsize=10 style=filled fontcolor=black labelloc=top image=""images/cloud.png"" imagescale=False imagepos=bc","kind=""app"" subtype=""cloud"" code_ownership=""vendor"" operated_by=""vendor"" support_model=""vendor""",node,yes,yes,yes,yes,yes,yes
,commercial,"Licensed, vendor-supported software product with standardized functionality. Integration is governed by vendor APIs and configuration options.","shape=rectangle height=""1.125"" width=""1.125"" fixedsize=true gradientangle=90 fillcolor=""White;0.85:Red"" color=Red fontname=Calibri fontsize=10 style=filled fontcolor=black labelloc=top image=""images/commercial.png"" imagescale=False imagepos=bc","kind=""app"" subtype=""commercial"" code_ownership=""vendor"" operated_by=""internal"" support_model=""vendor""",node,yes,yes,yes,yes,yes,yes
,homegrown,"Custom application built and supported internally to meet specific business needs, often tightly coupled to internal processes.","shape=rectangle height=""1.125"" width=""1.125"" fixedsize=true gradientangle=90 fillcolor=""White;0.85:#F79646"" color=""#F79646"" fontname=Calibri fontsize=10 style=filled fontcolor=black labelloc=top image=""images/homegrown.png"" imagescale=False imagepos=bc","kind=""app"" subtype=""homegrown"" code_ownership=""internal"" operated_by=""internal"" support_model=""internal""",node,yes,yes,yes,yes,yes,yes
,open-source,"Community-maintained application with modifiable source code, self-hosted or customized to fit organizational workflows.","shape=rectangle height=""1.125"" width=""1.125"" fixedsize=True gradientangle=90 fillcolor=""White;0.85:#9BBB59"" color=""#9BBB59"" fontname=Calibri fontsize=10 style=filled fontcolor=black labelloc=top image=""images/opensource.png"" imagescale=False imagepos=bc","kind=""app"" subtype=""open_source"" code_ownership=""community"" operated_by=""internal"" support_model=""community""",node,yes,yes,yes,yes,yes,yes
,partner,"Application operated by a business partner under a formal agreement, exchanging data or services through contracted interfaces.","shape=rectangle height=""1.125"" width=""1.125"" fixedsize=True gradientangle=90 fillcolor=""White;0.85:#4BACC6"" color=""#4BACC6"" fontname=Calibri fontsize=10 style=filled fontcolor=black labelloc=top image=""images/partner.png"" imagescale=False imagepos=bc","kind=""app"" subtype=""partner"" code_ownership=""partner"" operated_by=""partner"" support_model=""partner""",node,yes,yes,yes,yes,yes,yes
,system,"Foundational platform such as an operating system, middleware, or enterprise service that provides core capabilities to other applications.","shape=rectangle height=""1.125"" width=""1.125"" fixedsize=True gradientangle=90 fillcolor=""White;0.85:#D9D9D9"" color=""#D9D9D9"" fontname=Calibri fontsize=10 style=filled fontcolor=black labelloc=top image=""images/system.png"" imagescale=False imagepos=bc","kind=""app"" subtype=""system"" code_ownership=""mixed"" operated_by=""internal"" support_model=""internal""",node,yes,yes,yes,yes,yes,yes
#,DATA STORES,,,,,,,,,,
,database,"Structured data store supporting queries, updates, and transactions, with reliable persistence and controlled access to records.","shape=rectangle height=""0.625"" width=""0.75"" fixedsize=true fillcolor=transparent color=transparent fontcolor=black fontname=Calibri fontsize=10 style=filled penwidth=""0.5"" image=""images/database.png"" imagescale=False imagepos=bc labelloc=top","kind=""datastore"" subtype=""database"" structure=""structured"" persistence=""persistent"" access_pattern=""query"" concurrency_model=""transactional""",node,yes,yes,yes,yes,yes,yes
,directory,"Hierarchical store used to look up identities, attributes, devices, or configuration entries.","shape=rectangle height=""0.625"" width=""0.75"" fixedsize=true fillcolor=transparent color=transparent fontcolor=black fontname=Calibri fontsize=10 style=filled penwidth=""0.5"" image=""images/directory.png"" imagescale=False imagepos=bc labelloc=top","kind=""datastore"" subtype=""directory"" structure=""semi_structured"" persistence=""persistent"" access_pattern=""lookup"" concurrency_model=""none""",node,yes,yes,yes,yes,yes,yes
,file,"Single, discrete data object in a defined format, such as a document, payload, export, or artifact.","shape=rectangle height=""0.625"" width=""0.75"" fixedsize=true fillcolor=transparent color=transparent fontcolor=black fontname=Calibri fontsize=10 style=filled penwidth=""0.5"" image=""images/file.png"" imagescale=False imagepos=bc labelloc=top","kind=""datastore"" subtype=""file"" structure=""unstructured"" persistence=""persistent"" access_pattern=""read_write"" concurrency_model=""none""",node,yes,yes,yes,yes,yes,yes
,folder,Container grouping related files for organization or processing. Provides structure without imposing a schema.,"shape=rectangle height=""0.625"" width=""0.75"" fixedsize=true fillcolor=transparent color=transparent fontcolor=black fontname=Calibri fontsize=10 style=filled penwidth=""0.5"" image=""images/folder.png"" imagescale=False imagepos=bc labelloc=top","kind=""datastore"" subtype=""folder"" structure=""unstructured"" persistence=""persistent"" access_pattern=""read_write"" concurrency_model=""none""",node,yes,yes,yes,yes,yes,yes
,queue,"Ordered store holding messages or tasks awaiting processing, decoupling producers from consumers.","labelloc=top shape=rectangle height=""0.625"" width=""0.75"" fixedsize=True fillcolor=transparent color=transparent penwidth=""0.5"" fontname=Calibri fontsize=10 fontcolor=black image=""images/queue.png"" imagescale=False imagepos=bc style=filled","kind=""datastore"" subtype=""queue"" structure=""semi_structured"" persistence=""transient"" access_pattern=""sequential"" concurrency_model=""ordered""",node,yes,yes,yes,yes,yes,yes
,repository,"Managed store of versioned content such as code, artifacts, or documents, with controlled access and change history.","shape=rectangle height=""0.625"" width=""0.75"" fixedsize=true fillcolor=transparent color=transparent fontcolor=black fontname=Calibri fontsize=10 style=filled penwidth=""0.5"" image=""images/repository.png"" imagescale=False imagepos=bc labelloc=top","kind=""datastore"" subtype=""repository"" structure=""semi_structured"" persistence=""persistent"" access_pattern=""versioned"" concurrency_model=""append_only""",node,yes,yes,yes,yes,yes,yes
,note,Annotation that clarifies or supplements the diagram. It is not part of any data flow.,"shape=note fixedsize=false fillcolor=LemonChiffon1 color=DarkGoldenrod1 penwidth=""0.5"" fontname=Calibri fontsize=12 style=filled","kind=""annotation"" subtype=""note""",node,yes,yes,no,no,yes,yes
#,ACTOR TO APPLICATION EDGES,,,,,,,,,,
,alarm_gets_from,"Alarm receives status, thresholds, or condition data from the application to decide whether to trigger.","fontname=Calibri fontsize=8 arrowsize=""0.5"" color=""#E6B8B7"" penwidth=""1.5"" fontcolor=black headlabel=""Gets\lFrom\l"" labelfontsize=8 labelfontcolor=""#E6B8B7""","source_kind=""actor"" target_kind=""app"" source_subtype=""alarm"" interaction_type=""gets"" interaction_mode=""consume"" directionality=""pull"" synchronous=false real_time=true",edge,yes,yes,yes,yes,yes,no
,alarm_interacts_with,Alarm and application exchange conditions and state changes in both directions as part of an automated monitoring loop.,"fontname=Calibri fontsize=8 arrowsize=""0.5"" color=""#E6B8B7"" penwidth=""1.5"" fontcolor=black taillabel=""Interacts\lWith\l"" labelfontsize=8 labelfontcolor=""#E6B8B7"" dir=both","source_kind=""actor"" target_kind=""app"" source_subtype=""alarm"" interaction_type=""interacts"" interaction_mode=""notify"" directionality=""bidirectional"" synchronous=false real_time=true",edge,yes,yes,yes,yes,yes,no
,alarm_sends_to,"Alarm sends alerts, fault notifications, or trigger signals to the application to initiate a response.","fontname=Calibri fontsize=8 arrowsize=""0.5"" color=""#E6B8B7"" penwidth=""1.5"" fontcolor=black taillabel=""Sends\lTo\l"" labelfontsize=8 labelfontcolor=""#E6B8B7""","source_kind=""actor"" target_kind=""app"" source_subtype=""alarm"" interaction_type=""sends"" interaction_mode=""notify"" directionality=""push"" synchronous=false real_time=true",edge,yes,yes,yes,yes,yes,no
,bot_gets_from,"Bot retrieves data, instructions, or status from the application to perform automated tasks.","fontname=Calibri fontsize=8 arrowsize=""0.5"" color=""#CCC0DA"" penwidth=""1.5"" fontcolor=black headlabel=""Gets\lFrom\l"" labelfontsize=8 labelfontcolor=""#CCC0DA""","source_kind=""actor"" target_kind=""app"" source_subtype=""bot"" interaction_type=""gets"" interaction_mode=""consume"" directionality=""pull"" synchronous=true real_time=false",edge,yes,yes,yes,yes,yes,no
,bot_interacts_with,Bot and application exchange data and actions in both directions as part of a programmed workflow.,"fontname=Calibri fontsize=8 arrowsize=""0.5"" color=""#CCC0DA"" penwidth=""1.5"" fontcolor=black taillabel=""Interacts\lWith\l"" labelfontsize=8 labelfontcolor=""#CCC0DA"" dir=both","source_kind=""actor"" target_kind=""app"" source_subtype=""bot"" interaction_type=""interacts"" interaction_mode=""control"" directionality=""bidirectional"" synchronous=true real_time=false",edge,yes,yes,yes,yes,yes,no
,bot_sends_to,"Bot sends commands, updates, or processed results to the application.","fontname=Calibri fontsize=8 arrowsize=""0.5"" color=""#CCC0DA"" penwidth=""1.5"" fontcolor=black taillabel=""Sends\lTo\l"" labelfontsize=8 labelfontcolor=""#CCC0DA""","source_kind=""actor"" target_kind=""app"" source_subtype=""bot"" interaction_type=""sends"" interaction_mode=""produce"" directionality=""push"" synchronous=true real_time=false",edge,yes,yes,yes,yes,yes,no
,event_gets_from,Event draws conditions or state from the application that determine when or how it fires.,"fontname=Calibri fontsize=8 arrowsize=""0.5"" color=""#D8E4BC"" penwidth=""1.5"" fontcolor=black headlabel=""Gets\lFrom\l"" labelfontsize=8 labelfontcolor=""#D8E4BC""","source_kind=""actor"" target_kind=""app"" source_subtype=""event"" interaction_type=""gets"" interaction_mode=""consume"" directionality=""pull"" synchronous=false real_time=true",edge,yes,yes,yes,yes,yes,no
,event_interacts_with,Event and application exchange triggering conditions and resulting state changes in an event-driven workflow.,"fontname=Calibri fontsize=8 arrowsize=""0.5"" color=""#D8E4BC"" penwidth=""1.5"" fontcolor=black taillabel=""Interacts\lWith\l"" labelfontsize=8 labelfontcolor=""#D8E4BC"" dir=both","source_kind=""actor"" target_kind=""app"" source_subtype=""event"" interaction_type=""interacts"" interaction_mode=""notify"" directionality=""bidirectional"" synchronous=false real_time=true",edge,yes,yes,yes,yes,yes,no
,event_sends_to,"Event notifies the application that a defined condition has occurred, triggering a response.","fontname=Calibri fontsize=8 arrowsize=""0.5"" color=""#D8E4BC"" penwidth=""1.5"" fontcolor=black taillabel=""Sends\lTo\l"" labelfontsize=8 labelfontcolor=""#D8E4BC""","source_kind=""actor"" target_kind=""app"" source_subtype=""event"" interaction_type=""sends"" interaction_mode=""notify"" directionality=""push"" synchronous=false real_time=true",edge,yes,yes,yes,yes,yes,no
,organization_gets_from,"Organization receives reports, data, or outputs from the application for oversight and decision-making.","fontname=Calibri fontsize=8 arrowsize=""0.5"" color=""#FCD5B4"" penwidth=""1.5"" fontcolor=black headlabel=""Gets\lFrom\l"" labelfontsize=8 labelfontcolor=""#FCD5B4""","source_kind=""actor"" target_kind=""app"" source_subtype=""organization"" interaction_type=""gets"" interaction_mode=""consume"" directionality=""pull"" synchronous=true real_time=false",edge,yes,yes,yes,yes,yes,no
,organization_interacts_with,"Organization consumes application data and returns inputs, approvals, or directives.","fontname=Calibri fontsize=8 arrowsize=""0.5"" color=""#FCD5B4"" penwidth=""1.5"" fontcolor=black taillabel=""Interacts\lWith\l"" labelfontsize=8 labelfontcolor=""#FCD5B4"" dir=both","source_kind=""actor"" target_kind=""app"" source_subtype=""organization"" interaction_type=""interacts"" interaction_mode=""control"" directionality=""bidirectional"" synchronous=true real_time=false",edge,yes,yes,yes,yes,yes,no
,organization_sends_to,"Organization sends requests, policies, or operational data that drive application behavior.","fontname=Calibri fontsize=8 arrowsize=""0.5"" color=""#FCD5B4"" penwidth=""1.5"" fontcolor=black taillabel=""Sends\lTo\l"" labelfontsize=8 labelfontcolor=""#FCD5B4""","source_kind=""actor"" target_kind=""app"" source_subtype=""organization"" interaction_type=""sends"" interaction_mode=""produce"" directionality=""push"" synchronous=true real_time=false",edge,yes,yes,yes,yes,yes,no
,person_gets_from,"Person receives information, results, or feedback from the application.","fontname=Calibri fontsize=8 arrowsize=""0.5"" color=""#B8CCE4"" penwidth=""1.5"" fontcolor=black headlabel=""Gets\lFrom\l"" labelfontsize=8 labelfontcolor=""#B8CCE4""","source_kind=""actor"" target_kind=""app"" source_subtype=""person"" interaction_type=""gets"" interaction_mode=""consume"" directionality=""pull"" synchronous=true real_time=false",edge,yes,yes,yes,yes,yes,no
,person_interacts_with,Person provides inputs to and receives outputs from the application during normal use.,"fontname=Calibri fontsize=8 arrowsize=""0.5"" color=""#B8CCE4"" penwidth=""1.5"" fontcolor=black taillabel=""Interacts\lWith\l"" labelfontsize=8 labelfontcolor=""#B8CCE4"" dir=both","source_kind=""actor"" target_kind=""app"" source_subtype=""person"" interaction_type=""interacts"" interaction_mode=""control"" directionality=""bidirectional"" synchronous=true real_time=false",edge,yes,yes,yes,yes,yes,no
,person_sends_to,"Person sends requests, commands, or data to the application.","fontname=Calibri fontsize=8 arrowsize=""0.5"" color=""#B8CCE4"" penwidth=""1.5"" fontcolor=black taillabel=""Sends\lTo\l"" labelfontsize=8 labelfontcolor=""#B8CCE4""","source_kind=""actor"" target_kind=""app"" source_subtype=""person"" interaction_type=""sends"" interaction_mode=""produce"" directionality=""push"" synchronous=true real_time=false",edge,yes,yes,yes,yes,yes,no
,process_gets_from,Process receives data or outputs from the application to execute or advance its workflow.,"fontname=Calibri fontsize=8 arrowsize=""0.5"" color=""#B7DEE8"" penwidth=""1.5"" fontcolor=black headlabel=""Gets\lFrom\l"" labelfontsize=8 labelfontcolor=""#B7DEE8""","source_kind=""actor"" target_kind=""app"" source_subtype=""process"" interaction_type=""gets"" interaction_mode=""consume"" directionality=""pull"" synchronous=true real_time=false",edge,yes,yes,yes,yes,yes,no
,process_interacts_with,Process consumes application data and returns updates or results as part of an operational workflow.,"fontname=Calibri fontsize=8 arrowsize=""0.5"" color=""#B7DEE8"" penwidth=""1.5"" fontcolor=black taillabel=""Interacts\lWith\l"" labelfontsize=8 labelfontcolor=""#B7DEE8"" dir=both","source_kind=""actor"" target_kind=""app"" source_subtype=""process"" interaction_type=""interacts"" interaction_mode=""control"" directionality=""bidirectional"" synchronous=true real_time=false",edge,yes,yes,yes,yes,yes,no
,process_sends_to,"Process sends actions, results, or transformed data to the application.","fontname=Calibri fontsize=8 arrowsize=""0.5"" color=""#B7DEE8"" penwidth=""1.5"" fontcolor=black taillabel=""Sends\lTo\l"" labelfontsize=8 labelfontcolor=""#B7DEE8""","source_kind=""actor"" target_kind=""app"" source_subtype=""process"" interaction_type=""sends"" interaction_mode=""produce"" directionality=""push"" synchronous=true real_time=false",edge,yes,yes,yes,yes,yes,no
#,application_to_application_edges,,,,,,,,,,
,api_gateway_https_rest,"REST calls with JSON payloads over HTTPS, routed through the API gateway for authentication, throttling, and monitoring. Standard API pattern.","fontname=Calibri fontsize=8 arrowsize=""0.5"" color=ForestGreen fontcolor=black headlabel=""HTTPS\lREST\l"" taillabel=""API Gateway"" labelfontsize=8 penwidth=""0.75"" labelfontcolor=ForestGreen","source_kind=""app"" target_kind=""app"" via=""api_gateway"" protocol_type=""rest"" transport=""tcp"" directionality=""request_response"" encryption_in_transit=""enforced"" reliable_delivery=false ordered_delivery=true real_time=false status=""approved"" risk_level=""low"" modernity=""modern""",edge,yes,yes,yes,yes,yes,no
,api_gateway_graphql,"GraphQL queries and mutations through a single API gateway endpoint for flexible, schema-driven data access. Requires approval; REST preferred.","fontname=Calibri fontsize=8 arrowsize=""0.5"" color=DarkGoldenrod1 fontcolor=black headlabel=GraphQL taillabel=""API Gateway"" labelfontsize=8 penwidth=""0.75"" labelfontcolor=DarkGoldenrod1 style=dashed","source_kind=""app"" target_kind=""app"" via=""api_gateway"" protocol_type=""graphql"" transport=""tcp"" directionality=""request_response"" encryption_in_transit=""enforced"" reliable_delivery=false ordered_delivery=true real_time=false status=""requires_approval"" risk_level=""low"" modernity=""modern"" preferred_alternative=""api_gateway_https_rest""",edge,yes,yes,yes,yes,yes,no
,api_gateway_grpc_and_http2,"Binary, strongly typed gRPC calls over HTTP/2 through the API gateway for efficient service-to-service communication. Requires approval; REST preferred.","fontname=Calibri fontsize=8 arrowsize=""0.5"" color=DarkGoldenrod1 fontcolor=black headlabel=""gRPC\lHTTP2\l"" taillabel=""API Gateway"" labelfontsize=8 penwidth=""0.75"" labelfontcolor=DarkGoldenrod1 style=dashed","source_kind=""app"" target_kind=""app"" via=""api_gateway"" protocol_type=""grpc"" transport=""tcp"" directionality=""request_response"" encryption_in_transit=""enforced"" reliable_delivery=true ordered_delivery=true real_time=false status=""requires_approval"" risk_level=""low"" modernity=""modern"" preferred_alternative=""api_gateway_https_rest""",edge,yes,yes,yes,yes,yes,no
,api_gateway_websocket,"Persistent, bidirectional WebSocket connection through the API gateway for real-time messaging or streaming. Under architecture review.","fontname=Calibri fontsize=8 style=solid arrowsize=""0.5"" color=DarkGoldenrod1 fontcolor=black headlabel=WebSocket taillabel=""API Gateway"" labelfontsize=8 penwidth=""0.75"" labelfontcolor=DarkGoldenrod1","source_kind=""app"" target_kind=""app"" via=""api_gateway"" protocol_type=""websocket"" transport=""tcp"" directionality=""bidirectional"" encryption_in_transit=""enforced"" reliable_delivery=false ordered_delivery=true real_time=true status=""under_review"" risk_level=""medium"" modernity=""modern""",edge,yes,yes,yes,yes,yes,no
,api_gateway_https_soap,XML-based SOAP web service calls over HTTPS through the API gateway. Deprecated; migrate to REST.,"fontname=Calibri fontsize=8 style=dashed arrowsize=""0.5"" color=DarkGoldenrod1 fontcolor=black headlabel=""HTTPS\lSOAP\l"" taillabel=""API Gateway"" labelfontsize=8 penwidth=""0.75"" labelfontcolor=DarkGoldenrod1","source_kind=""app"" target_kind=""app"" via=""api_gateway"" protocol_type=""soap"" transport=""tcp"" directionality=""request_response"" encryption_in_transit=""enforced"" reliable_delivery=false ordered_delivery=true real_time=false status=""deprecated"" risk_level=""medium"" modernity=""legacy"" preferred_alternative=""api_gateway_https_rest""",edge,yes,yes,yes,yes,yes,no
,api_gateway_webhooks_and_sse,Gateway-managed outbound event delivery using webhook callbacks or Server-Sent Events streams. Requires approval.,"fontname=Calibri fontsize=8 style=solid arrowsize=""0.5"" color=DarkGoldenrod1 fontcolor=black headlabel=""Webhooks/\lSSE\l"" taillabel=""API Gateway"" labelfontsize=8 penwidth=""0.75"" labelfontcolor=DarkGoldenrod1","source_kind=""app"" target_kind=""app"" via=""api_gateway"" protocol_type=""webhook_sse"" transport=""tcp"" directionality=""push"" encryption_in_transit=""enforced"" reliable_delivery=false ordered_delivery=true real_time=true status=""requires_approval"" risk_level=""medium"" modernity=""modern""",edge,yes,yes,yes,yes,yes,no
,email_microsoft_exchange,"Direct integration with Exchange servers via MAPI/HTTP or Exchange Web Services for mail, contacts, and calendars. Deprecated; use Microsoft Graph API.","fontname=Calibri fontsize=8 style=dashed arrowsize=""0.5"" color=DarkGoldenrod1 fontcolor=black taillabel=Email headlabel=""Microsoft\lExchange\l"" labelfontsize=8 penwidth=""0.75"" labelfontcolor=DarkGoldenrod1","source_kind=""app"" target_kind=""app"" via=""email"" protocol_type=""mapi_ews"" transport=""tcp"" directionality=""pull"" encryption_in_transit=""enforced"" reliable_delivery=true ordered_delivery=true real_time=false status=""deprecated"" risk_level=""medium"" modernity=""legacy"" preferred_alternative=""email_microsoft_graph_api""",edge,yes,yes,yes,yes,yes,no
,email_smtp,Application sends email over SMTP for notifications or message-based delivery between systems. TLS is negotiated per connection.,"fontname=Calibri fontsize=8 style=solid arrowsize=""0.5"" color=ForestGreen fontcolor=black taillabel=Email headlabel=SMTP labelfontsize=8 penwidth=""0.75"" labelfontcolor=ForestGreen","source_kind=""app"" target_kind=""app"" via=""email"" protocol_type=""smtp"" transport=""tcp"" directionality=""push"" encryption_in_transit=""optional"" reliable_delivery=true ordered_delivery=false real_time=false status=""approved"" risk_level=""low"" modernity=""established""",edge,yes,yes,yes,yes,yes,no
,email_imap,"Application retrieves or monitors mailbox content over IMAP, often to ingest inbound mail. Approved; mail APIs such as Microsoft Graph preferred.","fontname=Calibri fontsize=8 style=dashed arrowsize=""0.5"" color=ForestGreen fontcolor=black taillabel=Email headlabel=IMAP labelfontsize=8 penwidth=""0.75"" labelfontcolor=ForestGreen","source_kind=""app"" target_kind=""app"" via=""email"" protocol_type=""imap"" transport=""tcp"" directionality=""pull"" encryption_in_transit=""optional"" reliable_delivery=true ordered_delivery=true real_time=false status=""approved"" risk_level=""low"" modernity=""established"" preferred_alternative=""email_microsoft_graph_api""",edge,yes,yes,yes,yes,yes,no
,email_microsoft_graph_api,"Cloud-native access to Microsoft 365 mail and calendars through Graph REST endpoints and change notifications, using OAuth.","fontname=Calibri fontsize=8 style=solid arrowsize=""0.5"" color=ForestGreen fontcolor=black taillabel=Email headlabel=""Microsoft\lGraph\lAPI\l"" labelfontsize=8 penwidth=""0.75"" labelfontcolor=ForestGreen","source_kind=""app"" target_kind=""app"" via=""email"" protocol_type=""graph_api"" transport=""tcp"" directionality=""push_pull"" encryption_in_transit=""enforced"" reliable_delivery=true ordered_delivery=true real_time=true status=""approved"" risk_level=""low"" modernity=""modern""",edge,yes,yes,yes,yes,yes,no
,email_gmail_api,"Access to Google Workspace mailboxes through the Gmail REST API, using OAuth token-based authentication.","fontname=Calibri fontsize=8 style=solid arrowsize=""0.5"" color=ForestGreen fontcolor=black taillabel=Email headlabel=""Gmail\lAPI\l"" labelfontsize=8 penwidth=""0.75"" labelfontcolor=ForestGreen","source_kind=""app"" target_kind=""app"" via=""email"" protocol_type=""gmail_api"" transport=""tcp"" directionality=""push_pull"" encryption_in_transit=""enforced"" reliable_delivery=true ordered_delivery=true real_time=true status=""approved"" risk_level=""low"" modernity=""modern""",edge,yes,yes,yes,yes,yes,no
,email_pop3,"Batch download of email over POP3, typically removing messages from the server after retrieval. Deprecated; use a mail API.","fontname=Calibri fontsize=8 style=dashed arrowsize=""0.5"" color=DarkGoldenrod1 fontcolor=black taillabel=Email headlabel=POP3 labelfontsize=8 penwidth=""0.75"" labelfontcolor=DarkGoldenrod1","source_kind=""app"" target_kind=""app"" via=""email"" protocol_type=""pop3"" transport=""tcp"" directionality=""pull"" encryption_in_transit=""optional"" reliable_delivery=true ordered_delivery=true real_time=false status=""deprecated"" risk_level=""medium"" modernity=""legacy"" preferred_alternative=""email_microsoft_graph_api""",edge,yes,yes,yes,yes,yes,no
,esb_jms_or_mq_messaging,"Asynchronous, guaranteed message delivery through the ESB over JMS or IBM MQ queues and topics.","fontname=Calibri fontsize=8 arrowsize=""0.5"" color=ForestGreen fontcolor=black headlabel=""JMS/MQ"" taillabel=ESB labelfontsize=8 penwidth=""0.75"" labelfontcolor=ForestGreen","source_kind=""app"" target_kind=""app"" via=""esb"" protocol_type=""jms_mq"" transport=""tcp"" directionality=""push"" encryption_in_transit=""optional"" reliable_delivery=true ordered_delivery=true real_time=false status=""approved"" risk_level=""low"" modernity=""established""",edge,yes,yes,yes,yes,yes,no
,esb_soap_web_services,Contract-driven SOAP web services mediated by the ESB. Approved for existing integrations; ESB REST preferred for new work.,"fontname=Calibri fontsize=8 style=dashed arrowsize=""0.5"" color=ForestGreen fontcolor=black headlabel=""SOAP"" taillabel=ESB labelfontsize=8 penwidth=""0.75"" labelfontcolor=ForestGreen","source_kind=""app"" target_kind=""app"" via=""esb"" protocol_type=""soap"" transport=""tcp"" directionality=""request_response"" encryption_in_transit=""optional"" reliable_delivery=true ordered_delivery=true real_time=false status=""approved"" risk_level=""medium"" modernity=""legacy"" preferred_alternative=""esb_rest_apis""",edge,yes,yes,yes,yes,yes,no
,esb_rest_apis,"RESTful endpoints mediated by the ESB for routing, transformation, and policy enforcement.","fontname=Calibri fontsize=8 style=solid arrowsize=""0.5"" color=ForestGreen fontcolor=black headlabel=""REST\lAPIs\l"" taillabel=ESB labelfontsize=8 penwidth=""0.75"" labelfontcolor=ForestGreen","source_kind=""app"" target_kind=""app"" via=""esb"" protocol_type=""rest"" transport=""tcp"" directionality=""request_response"" encryption_in_transit=""optional"" reliable_delivery=false ordered_delivery=true real_time=false status=""approved"" risk_level=""low"" modernity=""modern""",edge,yes,yes,yes,yes,yes,no
,esb_proprietary_adapters,Vendor-specific ESB connectors to back-end platforms such as SAP IDoc or Oracle EBS. Requires approval due to licensing and lock-in.,"fontname=Calibri fontsize=8 arrowsize=""0.5"" color=DarkGoldenrod1 fontcolor=black headlabel=""Proprietary\lAdapter\l"" taillabel=ESB labelfontsize=8 penwidth=""0.75"" labelfontcolor=DarkGoldenrod1","source_kind=""app"" target_kind=""app"" via=""esb"" protocol_type=""proprietary_adapter"" transport=""tcp"" directionality=""request_response"" encryption_in_transit=""optional"" reliable_delivery=true ordered_delivery=true real_time=false status=""requires_approval"" risk_level=""medium"" modernity=""legacy""",edge,yes,yes,yes,yes,yes,no
,esb_data_and_file_integration,"Batch file polling, transformation, and delivery performed on the ESB.","fontname=Calibri fontsize=8 arrowsize=""0.5"" color=ForestGreen fontcolor=black headlabel=""Data/File\lIntegration\l"" taillabel=ESB labelfontsize=8 penwidth=""0.75"" labelfontcolor=ForestGreen","source_kind=""app"" target_kind=""app"" via=""esb"" protocol_type=""file_batch"" transport=""tcp"" directionality=""push"" encryption_in_transit=""optional"" reliable_delivery=true ordered_delivery=true real_time=false status=""approved"" risk_level=""low"" modernity=""established""",edge,yes,yes,yes,yes,yes,no
,esb_orchestration_and_bpel,"Multi-step process orchestration executed within the ESB runtime, typically defined in BPEL.","fontname=Calibri fontsize=8 arrowsize=""0.5"" color=ForestGreen fontcolor=black headlabel=""Orchestration/\lBPEL\l"" taillabel=ESB labelfontsize=8 penwidth=""0.75"" labelfontcolor=ForestGreen","source_kind=""app"" target_kind=""app"" via=""esb"" protocol_type=""bpel"" transport=""tcp"" directionality=""request_response"" encryption_in_transit=""optional"" reliable_delivery=true ordered_delivery=true real_time=false status=""approved"" risk_level=""medium"" modernity=""legacy""",edge,yes,yes,yes,yes,yes,no
,file_transfer_cloud_storage_buckets,"File exchange through cloud object storage such as AWS S3 or Azure Blob, using API calls over HTTPS.","fontname=Calibri fontsize=8 style=solid arrowsize=""0.5"" color=ForestGreen fontcolor=black headlabel=""Cloud\lStorage\lBuckets\l"" taillabel=""File\lTransfer\l"" labelfontsize=8 penwidth=""0.75"" labelfontcolor=ForestGreen","source_kind=""app"" target_kind=""app"" via=""file_transfer"" protocol_type=""object_storage"" transport=""tcp"" directionality=""push_pull"" encryption_in_transit=""enforced"" reliable_delivery=true ordered_delivery=true real_time=false status=""approved"" risk_level=""low"" modernity=""modern""",edge,yes,yes,yes,yes,yes,no
,file_transfer_ftp,Unencrypted FTP file transfer with clear-text credentials. Prohibited; use SFTP or MFT.,"fontname=Calibri fontsize=8 style=solid arrowsize=""0.5"" color=red fontcolor=black headlabel=FTP taillabel=""File\lTransfer\l"" labelfontsize=8 penwidth=""0.75"" labelfontcolor=red","source_kind=""app"" target_kind=""app"" via=""file_transfer"" protocol_type=""ftp"" transport=""tcp"" directionality=""push"" encryption_in_transit=""none"" reliable_delivery=false ordered_delivery=false real_time=false status=""prohibited"" risk_level=""high"" modernity=""legacy"" preferred_alternative=""file_transfer_sftp""",edge,yes,yes,yes,yes,yes,no
,file_transfer_https,File upload or download over HTTPS web endpoints. Approved; MFT preferred for scheduled or audited transfers.,"fontname=Calibri fontsize=8 style=dashed arrowsize=""0.5"" color=ForestGreen fontcolor=black headlabel=HTTPS taillabel=""File\lTransfer\l"" labelfontsize=8 penwidth=""0.75"" labelfontcolor=ForestGreen","source_kind=""app"" target_kind=""app"" via=""file_transfer"" protocol_type=""https_file"" transport=""tcp"" directionality=""push"" encryption_in_transit=""enforced"" reliable_delivery=false ordered_delivery=true real_time=false status=""approved"" risk_level=""low"" modernity=""modern"" preferred_alternative=""file_transfer_mft""",edge,yes,yes,yes,yes,yes,no
,file_transfer_mft,"Managed File Transfer platform providing encrypted delivery, scheduling, auditing, and guaranteed transfer. Standard for file exchange.","fontname=Calibri fontsize=8 style=solid arrowsize=""0.5"" color=ForestGreen fontcolor=black headlabel=MFT taillabel=""File\lTransfer\l"" labelfontsize=8 penwidth=""0.75"" labelfontcolor=ForestGreen","source_kind=""app"" target_kind=""app"" via=""file_transfer"" protocol_type=""mft"" transport=""tcp"" directionality=""push"" encryption_in_transit=""enforced"" reliable_delivery=true ordered_delivery=true real_time=false status=""approved"" risk_level=""low"" modernity=""modern""",edge,yes,yes,yes,yes,yes,no
,file_transfer_scp,Point-to-point file copy over SSH using SCP. Approved; SFTP preferred.,"fontname=Calibri fontsize=8 style=dashed arrowsize=""0.5"" color=ForestGreen fontcolor=black headlabel=SCP taillabel=""File\lTransfer\l"" labelfontsize=8 penwidth=""0.75"" labelfontcolor=ForestGreen","source_kind=""app"" target_kind=""app"" via=""file_transfer"" protocol_type=""scp"" transport=""ssh"" directionality=""push"" encryption_in_transit=""enforced"" reliable_delivery=true ordered_delivery=true real_time=false status=""approved"" risk_level=""low"" modernity=""established"" preferred_alternative=""file_transfer_sftp""",edge,yes,yes,yes,yes,yes,no
,file_transfer_sftp,Encrypted file exchange over SSH with directory access controls. Standard for point-to-point transfers.,"fontname=Calibri fontsize=8 style=solid arrowsize=""0.5"" color=ForestGreen fontcolor=black headlabel=SFTP taillabel=""File\lTransfer\l"" labelfontsize=8 penwidth=""0.75"" labelfontcolor=ForestGreen","source_kind=""app"" target_kind=""app"" via=""file_transfer"" protocol_type=""sftp"" transport=""ssh"" directionality=""push"" encryption_in_transit=""enforced"" reliable_delivery=true ordered_delivery=true real_time=false status=""approved"" risk_level=""low"" modernity=""established""",edge,yes,yes,yes,yes,yes,no
,forward_proxy_https_rest,Outbound REST calls over HTTPS routed through the forward proxy for filtering and inspection before reaching external services. Requires approval.,"fontname=Calibri fontsize=8 arrowsize=""0.5"" color=DarkGoldenrod1 fontcolor=black headlabel=""HTTPS\lREST\l"" taillabel=""Forward\lProxy\l"" labelfontsize=8 penwidth=""0.75"" labelfontcolor=DarkGoldenrod1","source_kind=""app"" target_kind=""app"" via=""forward_proxy"" protocol_type=""rest"" transport=""tcp"" directionality=""request_response"" encryption_in_transit=""enforced"" reliable_delivery=false ordered_delivery=true real_time=false status=""requires_approval"" risk_level=""low"" modernity=""modern""",edge,yes,yes,yes,yes,yes,no
,forward_proxy_https_soap,Outbound SOAP calls over HTTPS routed through the forward proxy. Requires approval; REST preferred.,"fontname=Calibri fontsize=8 style=dashed arrowsize=""0.5"" color=DarkGoldenrod1 fontcolor=black headlabel=""HTTPS\lSOAP\l"" taillabel=""Forward\lProxy\l"" labelfontsize=8 penwidth=""0.75"" labelfontcolor=DarkGoldenrod1","source_kind=""app"" target_kind=""app"" via=""forward_proxy"" protocol_type=""soap"" transport=""tcp"" directionality=""request_response"" encryption_in_transit=""enforced"" reliable_delivery=false ordered_delivery=true real_time=false status=""requires_approval"" risk_level=""medium"" modernity=""legacy"" preferred_alternative=""forward_proxy_https_rest""",edge,yes,yes,yes,yes,yes,no
,forward_proxy_grpc_and_http2,"Outbound gRPC calls over HTTP/2 routed through the forward proxy, with limited inspection support. Requires approval; REST preferred.","fontname=Calibri fontsize=8 style=dashed arrowsize=""0.5"" color=DarkGoldenrod1 fontcolor=black headlabel=""gRPC\lHTTP2\l"" taillabel=""Forward\lProxy\l"" labelfontsize=8 penwidth=""0.75"" labelfontcolor=DarkGoldenrod1","source_kind=""app"" target_kind=""app"" via=""forward_proxy"" protocol_type=""grpc"" transport=""tcp"" directionality=""request_response"" encryption_in_transit=""enforced"" reliable_delivery=true ordered_delivery=true real_time=false status=""requires_approval"" risk_level=""medium"" modernity=""modern"" preferred_alternative=""forward_proxy_https_rest""",edge,yes,yes,yes,yes,yes,no
,forward_proxy_graphql,Outbound GraphQL queries routed through the forward proxy. Requires approval; REST preferred.,"fontname=Calibri fontsize=8 style=dashed arrowsize=""0.5"" color=DarkGoldenrod1 fontcolor=black headlabel=""GraphQL"" taillabel=""Forward\lProxy\l"" labelfontsize=8 penwidth=""0.75"" labelfontcolor=DarkGoldenrod1","source_kind=""app"" target_kind=""app"" via=""forward_proxy"" protocol_type=""graphql"" transport=""tcp"" directionality=""request_response"" encryption_in_transit=""enforced"" reliable_delivery=false ordered_delivery=true real_time=false status=""requires_approval"" risk_level=""medium"" modernity=""modern"" preferred_alternative=""forward_proxy_https_rest""",edge,yes,yes,yes,yes,yes,no
,forward_proxy_tcp_or_udp_tunneling,"Non-HTTP socket traffic tunneled through the forward proxy with CONNECT, bypassing content inspection. Prohibited.","fontname=Calibri fontsize=8 style=solid arrowsize=""0.5"" color=red fontcolor=black headlabel=""TCP/UDP\lTunneling\l"" taillabel=""Forward\lProxy\l"" labelfontsize=8 penwidth=""0.75"" labelfontcolor=red","source_kind=""app"" target_kind=""app"" via=""forward_proxy"" protocol_type=""tcp_udp_tunnel"" transport=""tcp_udp"" directionality=""bidirectional"" encryption_in_transit=""optional"" reliable_delivery=false ordered_delivery=false real_time=true status=""prohibited"" risk_level=""high"" modernity=""legacy""",edge,yes,yes,yes,yes,yes,no
,direct_network_https_rest,"Point-to-point REST calls over HTTPS on the internal network, without an intermediary.","fontname=Calibri fontsize=8 arrowsize=""0.5"" color=ForestGreen fontcolor=black headlabel=REST taillabel=HTTPS labelfontsize=8 penwidth=""0.75"" labelfontcolor=ForestGreen","source_kind=""app"" target_kind=""app"" via=""direct_network"" protocol_type=""rest"" transport=""tcp"" directionality=""request_response"" encryption_in_transit=""enforced"" reliable_delivery=false ordered_delivery=true real_time=false status=""approved"" risk_level=""low"" modernity=""modern""",edge,yes,yes,yes,yes,yes,no
,direct_network_https_soap,Point-to-point SOAP calls over HTTPS on the internal network. Deprecated; migrate to REST.,"fontname=Calibri fontsize=8 arrowsize=""0.5"" color=DarkGoldenrod1 fontcolor=black headlabel=SOAP taillabel=HTTPS labelfontsize=8 penwidth=""0.75"" labelfontcolor=DarkGoldenrod1 style=dashed","source_kind=""app"" target_kind=""app"" via=""direct_network"" protocol_type=""soap"" transport=""tcp"" directionality=""request_response"" encryption_in_transit=""enforced"" reliable_delivery=false ordered_delivery=true real_time=false status=""deprecated"" risk_level=""medium"" modernity=""legacy"" preferred_alternative=""direct_network_https_rest""",edge,yes,yes,yes,yes,yes,no
,direct_network_grpc,Point-to-point gRPC calls over HTTP/2 with TLS for low-latency internal service communication.,"fontname=Calibri fontsize=8 arrowsize=""0.5"" color=ForestGreen fontcolor=black headlabel=gRPC taillabel=HTTPS labelfontsize=8 penwidth=""0.75"" labelfontcolor=ForestGreen","source_kind=""app"" target_kind=""app"" via=""direct_network"" protocol_type=""grpc"" transport=""tcp"" directionality=""request_response"" encryption_in_transit=""enforced"" reliable_delivery=true ordered_delivery=true real_time=false status=""approved"" risk_level=""low"" modernity=""modern""",edge,yes,yes,yes,yes,yes,no
,direct_network_graphql,Point-to-point GraphQL queries over HTTPS on the internal network. Requires approval; REST preferred.,"fontname=Calibri fontsize=8 arrowsize=""0.5"" color=DarkGoldenrod1 fontcolor=black headlabel=GraphQL taillabel=HTTPS labelfontsize=8 penwidth=""0.75"" labelfontcolor=DarkGoldenrod1 style=dashed","source_kind=""app"" target_kind=""app"" via=""direct_network"" protocol_type=""graphql"" transport=""tcp"" directionality=""request_response"" encryption_in_transit=""enforced"" reliable_delivery=false ordered_delivery=true real_time=false status=""requires_approval"" risk_level=""low"" modernity=""modern"" preferred_alternative=""direct_network_https_rest""",edge,yes,yes,yes,yes,yes,no
,direct_network_raw_tcp_udp,Custom protocol over raw TCP or UDP sockets without standard encryption or authentication. Prohibited; use a service mesh or TLS-based protocol.,"fontname=Calibri fontsize=8 arrowsize=""0.5"" color=red fontcolor=black headlabel=""TCP/UDP"" taillabel=""Raw\lSocket\l"" labelfontsize=8 penwidth=""0.75"" labelfontcolor=red","source_kind=""app"" target_kind=""app"" via=""direct_network"" protocol_type=""raw_tcp_udp"" transport=""tcp_udp"" directionality=""bidirectional"" encryption_in_transit=""none"" reliable_delivery=false ordered_delivery=false real_time=true status=""prohibited"" risk_level=""high"" modernity=""legacy"" preferred_alternative=""direct_network_service_mesh_mtls""",edge,yes,yes,yes,yes,yes,no
,direct_network_service_mesh_mtls,"Service-to-service traffic within a service mesh using mutual TLS for workload identity, encryption, and policy enforcement.","fontname=Calibri fontsize=8 arrowsize=""0.5"" color=ForestGreen fontcolor=black headlabel=""mTLS"" taillabel=""Service\lMesh\l"" labelfontsize=8 penwidth=""0.75"" labelfontcolor=ForestGreen","source_kind=""app"" target_kind=""app"" via=""direct_network"" protocol_type=""service_mesh"" transport=""tcp"" directionality=""request_response"" encryption_in_transit=""enforced"" reliable_delivery=true ordered_delivery=true real_time=false status=""approved"" risk_level=""low"" modernity=""modern""",edge,yes,yes,yes,yes,yes,no
,message_broker_amqp,"Asynchronous messaging through the broker over AMQP queues and exchanges with acknowledged, reliable delivery. Standard messaging protocol.","fontname=Calibri fontsize=8 arrowsize=""0.5"" color=ForestGreen fontcolor=black headlabel=""AMQP"" taillabel=""Message\lBroker\l"" labelfontsize=8 penwidth=""0.75"" labelfontcolor=ForestGreen","source_kind=""app"" target_kind=""app"" via=""message_broker"" protocol_type=""amqp"" transport=""tcp"" directionality=""push"" encryption_in_transit=""optional"" reliable_delivery=true ordered_delivery=true real_time=false status=""approved"" risk_level=""low"" modernity=""established""",edge,yes,yes,yes,yes,yes,no
,message_broker_kafka_protocol,"High-throughput event streaming through Kafka topics with durable, partition-ordered, replayable logs.","fontname=Calibri fontsize=8 arrowsize=""0.5"" color=ForestGreen fontcolor=black headlabel=""Kafka\lProtocol\l"" taillabel=""Message\lBroker\l"" labelfontsize=8 penwidth=""0.75"" labelfontcolor=ForestGreen","source_kind=""app"" target_kind=""app"" via=""message_broker"" protocol_type=""kafka"" transport=""tcp"" directionality=""push"" encryption_in_transit=""optional"" reliable_delivery=true ordered_delivery=true real_time=true status=""approved"" risk_level=""low"" modernity=""modern""",edge,yes,yes,yes,yes,yes,no
,message_broker_mqtt,"Lightweight publish/subscribe messaging over MQTT, suited to IoT devices and constrained networks.","fontname=Calibri fontsize=8 arrowsize=""0.5"" color=ForestGreen fontcolor=black headlabel=""MQTT"" taillabel=""Message\lBroker\l"" labelfontsize=8 penwidth=""0.75"" labelfontcolor=ForestGreen","source_kind=""app"" target_kind=""app"" via=""message_broker"" protocol_type=""mqtt"" transport=""tcp"" directionality=""push"" encryption_in_transit=""optional"" reliable_delivery=true ordered_delivery=true real_time=true status=""approved"" risk_level=""low"" modernity=""modern""",edge,yes,yes,yes,yes,yes,no
,message_broker_jms,Java-based messaging through the broker using the JMS API. Approved; AMQP preferred for cross-platform interoperability.,"fontname=Calibri fontsize=8 arrowsize=""0.5"" color=ForestGreen fontcolor=black headlabel=""JMS"" taillabel=""Message\lBroker\l"" labelfontsize=8 penwidth=""0.75"" labelfontcolor=ForestGreen style=dashed","source_kind=""app"" target_kind=""app"" via=""message_broker"" protocol_type=""jms"" transport=""tcp"" directionality=""push"" encryption_in_transit=""optional"" reliable_delivery=true ordered_delivery=true real_time=false status=""approved"" risk_level=""low"" modernity=""established"" preferred_alternative=""message_broker_amqp""",edge,yes,yes,yes,yes,yes,no
,message_broker_stomp,Simple text-based messaging through the broker using STOMP. Approved; AMQP preferred.,"fontname=Calibri fontsize=8 arrowsize=""0.5"" color=ForestGreen fontcolor=black headlabel=""STOMP"" taillabel=""Message\lBroker\l"" labelfontsize=8 penwidth=""0.75"" labelfontcolor=ForestGreen style=dashed","source_kind=""app"" target_kind=""app"" via=""message_broker"" protocol_type=""stomp"" transport=""tcp"" directionality=""push"" encryption_in_transit=""optional"" reliable_delivery=false ordered_delivery=true real_time=false status=""approved"" risk_level=""low"" modernity=""established"" preferred_alternative=""message_broker_amqp""",edge,yes,yes,yes,yes,yes,no
,message_broker_http_webhook,"Broker delivers messages to, or accepts messages from, applications through HTTP webhook callbacks.","fontname=Calibri fontsize=8 arrowsize=""0.5"" color=ForestGreen fontcolor=black headlabel=""HTTP\lWebhook\l"" taillabel=""Message\lBroker\l"" labelfontsize=8 penwidth=""0.75"" labelfontcolor=ForestGreen","source_kind=""app"" target_kind=""app"" via=""message_broker"" protocol_type=""webhook"" transport=""tcp"" directionality=""push"" encryption_in_transit=""optional"" reliable_delivery=false ordered_delivery=false real_time=true status=""approved"" risk_level=""low"" modernity=""modern""",edge,yes,yes,yes,yes,yes,no
,reverse_proxy_https_rest,"Inbound REST calls over HTTPS through the reverse proxy for routing, load balancing, and TLS termination. Requires approval.","fontname=Calibri fontsize=8 arrowsize=""0.5"" color=DarkGoldenrod1 fontcolor=black headlabel=""HTTPS\lREST\l"" taillabel=""Reverse\lProxy\l"" labelfontsize=8 penwidth=""0.75"" labelfontcolor=DarkGoldenrod1","source_kind=""app"" target_kind=""app"" via=""reverse_proxy"" protocol_type=""rest"" transport=""tcp"" directionality=""request_response"" encryption_in_transit=""enforced"" reliable_delivery=false ordered_delivery=true real_time=false status=""requires_approval"" risk_level=""low"" modernity=""modern""",edge,yes,yes,yes,yes,yes,no
,reverse_proxy_https_soap,Inbound SOAP calls over HTTPS through the reverse proxy. Requires approval; REST preferred.,"fontname=Calibri fontsize=8 style=dashed arrowsize=""0.5"" color=DarkGoldenrod1 fontcolor=black headlabel=""HTTPS\lSOAP\l"" taillabel=""Reverse\lProxy\l"" labelfontsize=8 penwidth=""0.75"" labelfontcolor=DarkGoldenrod1","source_kind=""app"" target_kind=""app"" via=""reverse_proxy"" protocol_type=""soap"" transport=""tcp"" directionality=""request_response"" encryption_in_transit=""enforced"" reliable_delivery=false ordered_delivery=true real_time=false status=""requires_approval"" risk_level=""medium"" modernity=""legacy"" preferred_alternative=""reverse_proxy_https_rest""",edge,yes,yes,yes,yes,yes,no
,reverse_proxy_grpc_and_http2,Inbound gRPC calls over HTTP/2 through the reverse proxy. Requires approval; REST preferred.,"fontname=Calibri fontsize=8 style=dashed arrowsize=""0.5"" color=DarkGoldenrod1 fontcolor=black headlabel=""gRPC\lHTTP2\l"" taillabel=""Reverse\lProxy\l"" labelfontsize=8 penwidth=""0.75"" labelfontcolor=DarkGoldenrod1","source_kind=""app"" target_kind=""app"" via=""reverse_proxy"" protocol_type=""grpc"" transport=""tcp"" directionality=""request_response"" encryption_in_transit=""enforced"" reliable_delivery=true ordered_delivery=true real_time=false status=""requires_approval"" risk_level=""medium"" modernity=""modern"" preferred_alternative=""reverse_proxy_https_rest""",edge,yes,yes,yes,yes,yes,no
,reverse_proxy_graphql,Inbound GraphQL queries through the reverse proxy. Requires approval; REST preferred.,"fontname=Calibri fontsize=8 style=dashed arrowsize=""0.5"" color=DarkGoldenrod1 fontcolor=black headlabel=""GraphQL"" taillabel=""Reverse\lProxy\l"" labelfontsize=8 penwidth=""0.75"" labelfontcolor=DarkGoldenrod1","source_kind=""app"" target_kind=""app"" via=""reverse_proxy"" protocol_type=""graphql"" transport=""tcp"" directionality=""request_response"" encryption_in_transit=""enforced"" reliable_delivery=false ordered_delivery=true real_time=false status=""requires_approval"" risk_level=""medium"" modernity=""modern"" preferred_alternative=""reverse_proxy_https_rest""",edge,yes,yes,yes,yes,yes,no
,reverse_proxy_tcp_or_udp_tunneling,Inbound non-HTTP TCP or UDP streams forwarded by the reverse proxy at the transport layer. Requires approval.,"fontname=Calibri fontsize=8 style=solid arrowsize=""0.5"" color=DarkGoldenrod1 fontcolor=black headlabel=""TCP/UDP\lTunneling\l"" taillabel=""Reverse\lProxy\l"" labelfontsize=8 penwidth=""0.75"" labelfontcolor=DarkGoldenrod1","source_kind=""app"" target_kind=""app"" via=""reverse_proxy"" protocol_type=""tcp_udp_stream"" transport=""tcp_udp"" directionality=""bidirectional"" encryption_in_transit=""optional"" reliable_delivery=false ordered_delivery=false real_time=true status=""requires_approval"" risk_level=""high"" modernity=""established""",edge,yes,yes,yes,yes,yes,no
,telephony_cpaas_api,"Programmable cloud communications, such as SMS or voice, through a CPaaS provider API such as Twilio.","fontname=Calibri fontsize=8 style=solid arrowsize=""0.5"" color=ForestGreen fontcolor=black taillabel=Telephony headlabel=""CPaaS API"" labelfontsize=8 labelfontcolor=ForestGreen penwidth=""0.75""","source_kind=""app"" target_kind=""app"" via=""telephony"" protocol_type=""cpaas_api"" transport=""tcp"" directionality=""request_response"" encryption_in_transit=""enforced"" reliable_delivery=true ordered_delivery=true real_time=false status=""approved"" risk_level=""low"" modernity=""modern""",edge,yes,yes,yes,yes,yes,no
,telephony_sip_trunk,IP-based voice connectivity to carriers or PBX systems over SIP trunks. Standard for voice routing.,"fontname=Calibri fontsize=8 style=solid arrowsize=""0.5"" color=ForestGreen fontcolor=black taillabel=Telephony headlabel=""SIP Trunk"" labelfontsize=8 labelfontcolor=ForestGreen penwidth=""0.75""","source_kind=""app"" target_kind=""app"" via=""telephony"" protocol_type=""sip"" transport=""tcp_udp"" directionality=""bidirectional"" encryption_in_transit=""optional"" reliable_delivery=false ordered_delivery=true real_time=true status=""approved"" risk_level=""low"" modernity=""established""",edge,yes,yes,yes,yes,yes,no
,telephony_webrtc,Real-time browser-based audio and video over encrypted peer-to-peer WebRTC media streams.,"fontname=Calibri fontsize=8 style=solid arrowsize=""0.5"" color=ForestGreen fontcolor=black taillabel=Telephony headlabel=WebRTC labelfontsize=8 labelfontcolor=ForestGreen penwidth=""0.75""","source_kind=""app"" target_kind=""app"" via=""telephony"" protocol_type=""webrtc"" transport=""udp"" directionality=""bidirectional"" encryption_in_transit=""enforced"" reliable_delivery=false ordered_delivery=false real_time=true status=""approved"" risk_level=""low"" modernity=""modern""",edge,yes,yes,yes,yes,yes,no
,telephony_cti_dialer,Computer telephony integration linking applications to softphones or contact center dialers for call control and screen pops.,"fontname=Calibri fontsize=8 style=solid arrowsize=""0.5"" color=ForestGreen fontcolor=black taillabel=Telephony headlabel=""CTI Dialer"" labelfontsize=8 labelfontcolor=ForestGreen penwidth=""0.75""","source_kind=""app"" target_kind=""app"" via=""telephony"" protocol_type=""cti"" transport=""tcp"" directionality=""bidirectional"" encryption_in_transit=""optional"" reliable_delivery=true ordered_delivery=true real_time=true status=""approved"" risk_level=""low"" modernity=""established""",edge,yes,yes,yes,yes,yes,no
,telephony_pstn_legacy,"Analog lines, TDM circuits, or switches requiring on-premises gateway hardware. Deprecated; migrate to SIP trunking.","fontname=Calibri fontsize=8 style=dashed arrowsize=""0.5"" color=DarkGoldenrod1 fontcolor=black taillabel=Telephony headlabel=""PSTN\lLegacy\l"" labelfontsize=8 labelfontcolor=DarkGoldenrod1 penwidth=""0.75""","source_kind=""app"" target_kind=""app"" via=""telephony"" protocol_type=""pstn"" transport=""circuit"" directionality=""bidirectional"" encryption_in_transit=""none"" reliable_delivery=true ordered_delivery=true real_time=true status=""deprecated"" risk_level=""medium"" modernity=""legacy"" preferred_alternative=""telephony_sip_trunk""",edge,yes,yes,yes,yes,yes,no
#,APPLICATION TO DATA STORE EDGES,,,,,,,,,,
,gets_from_active_directory,"Application reads identities, groups, or attributes from on-premises Active Directory. Approved; cloud identity provider preferred.","fontname=Calibri fontsize=8 style=dashed arrowsize=""0.5"" color=ForestGreen fontcolor=black taillabel=""Gets\lFrom\l"" headlabel=""Active\lDirectory\l"" labelfontsize=8 penwidth=""0.75"" labelfontcolor=ForestGreen","source_kind=""app"" target_kind=""datastore"" interaction_type=""gets"" operation=""read"" protocol_type=""ldap"" transport=""tcp"" encryption_in_transit=""optional"" status=""approved"" risk_level=""low"" modernity=""established"" preferred_alternative=""gets_from_cloud_identity_provider""",edge,yes,yes,yes,yes,yes,no
,gets_from_cloud_identity_provider,"Application reads identities, groups, or attributes from a cloud identity provider such as Okta or Microsoft Entra ID.","fontname=Calibri fontsize=8 style=solid arrowsize=""0.5"" color=ForestGreen fontcolor=black taillabel=""Gets\lFrom\l"" headlabel=""Cloud\lIdentity\lProvider\l"" labelfontsize=8 penwidth=""0.75"" labelfontcolor=ForestGreen","source_kind=""app"" target_kind=""datastore"" interaction_type=""gets"" operation=""read"" protocol_type=""identity_api"" transport=""tcp"" encryption_in_transit=""enforced"" status=""approved"" risk_level=""low"" modernity=""modern""",edge,yes,yes,yes,yes,yes,no
,gets_from_scim,Application receives user and group provisioning updates from an identity provider through SCIM.,"fontname=Calibri fontsize=8 style=solid arrowsize=""0.5"" color=ForestGreen fontcolor=black taillabel=""Gets\lFrom\l"" headlabel=""SCIM"" labelfontsize=8 penwidth=""0.75"" labelfontcolor=ForestGreen","source_kind=""app"" target_kind=""datastore"" interaction_type=""gets"" operation=""read"" protocol_type=""scim"" transport=""tcp"" encryption_in_transit=""enforced"" status=""approved"" risk_level=""low"" modernity=""modern""",edge,yes,yes,yes,yes,yes,no
,gets_from_commit,"Application reads committed, finalized transaction data from the data store.","fontname=Calibri fontsize=8 style=solid arrowsize=""0.5"" color=ForestGreen fontcolor=black headlabel=Commit taillabel=""Gets\lFrom\l"" labelfontsize=8 penwidth=""0.75"" labelfontcolor=ForestGreen","source_kind=""app"" target_kind=""datastore"" interaction_type=""gets"" operation=""read"" protocol_type=""commit"" transport=""tcp"" encryption_in_transit=""optional"" status=""approved"" risk_level=""low"" modernity=""modern""",edge,yes,yes,yes,yes,yes,no
,gets_from_data_loader,Application receives bulk data unloaded or staged by a data loader.,"fontname=Calibri fontsize=8 arrowsize=""0.5"" color=ForestGreen fontcolor=black taillabel=""Data\lLoader\l"" headlabel=Unload labelfontsize=8 penwidth=""0.75"" labelfontcolor=ForestGreen","source_kind=""app"" target_kind=""datastore"" interaction_type=""gets"" operation=""read"" protocol_type=""loader"" transport=""tcp"" encryption_in_transit=""optional"" status=""approved"" risk_level=""low"" modernity=""modern""",edge,yes,yes,yes,yes,yes,no
,gets_from_dequeue,Application removes and consumes the next message or task from a queue.,"fontname=Calibri fontsize=8 style=solid arrowsize=""0.5"" color=ForestGreen fontcolor=black headlabel=Dequeue taillabel=""Gets\lFrom\l"" labelfontsize=8 penwidth=""0.75"" labelfontcolor=ForestGreen","source_kind=""app"" target_kind=""datastore"" interaction_type=""gets"" operation=""consume"" protocol_type=""queue"" transport=""tcp"" encryption_in_transit=""optional"" status=""approved"" risk_level=""low"" modernity=""modern""",edge,yes,yes,yes,yes,yes,no
,gets_from_enqueue,Application reads items newly placed in a queue.,"fontname=Calibri fontsize=8 style=solid arrowsize=""0.5"" color=ForestGreen fontcolor=black taillabel=""Gets\lFrom\l"" headlabel=Enqueue labelfontsize=8 penwidth=""0.75"" labelfontcolor=ForestGreen","source_kind=""app"" target_kind=""datastore"" interaction_type=""gets"" operation=""read"" protocol_type=""queue"" transport=""tcp"" encryption_in_transit=""optional"" status=""approved"" risk_level=""low"" modernity=""modern""",edge,yes,yes,yes,yes,yes,no
,gets_from_peek,Application browses queue messages without removing them or altering queue state.,"fontname=Calibri fontsize=8 style=solid arrowsize=""0.5"" color=ForestGreen fontcolor=black taillabel=""Gets\lFrom\l"" headlabel=Peek labelfontsize=8 penwidth=""0.75"" labelfontcolor=ForestGreen","source_kind=""app"" target_kind=""datastore"" interaction_type=""gets"" operation=""read"" protocol_type=""queue"" transport=""tcp"" encryption_in_transit=""optional"" status=""approved"" risk_level=""low"" modernity=""modern""",edge,yes,yes,yes,yes,yes,no
,gets_from_ack,"Application receives acknowledgments confirming a message was processed, completing a distributed transaction step.","fontname=Calibri fontsize=8 style=solid arrowsize=""0.5"" color=ForestGreen fontcolor=black taillabel=""Gets\lFrom\l"" headlabel=Ack labelfontsize=8 penwidth=""0.75"" labelfontcolor=ForestGreen","source_kind=""app"" target_kind=""datastore"" interaction_type=""gets"" operation=""read"" protocol_type=""queue"" transport=""tcp"" encryption_in_transit=""optional"" status=""approved"" risk_level=""low"" modernity=""modern""",edge,yes,yes,yes,yes,yes,no
,gets_from_fetch,Application retrieves data from the data store with a direct fetch or lookup.,"fontname=Calibri fontsize=8 style=solid arrowsize=""0.5"" color=ForestGreen fontcolor=black headlabel=Fetch taillabel=""Gets\lFrom\l"" labelfontsize=8 penwidth=""0.75"" labelfontcolor=ForestGreen","source_kind=""app"" target_kind=""datastore"" interaction_type=""gets"" operation=""read"" protocol_type=""fetch"" transport=""tcp"" encryption_in_transit=""optional"" status=""approved"" risk_level=""low"" modernity=""modern""",edge,yes,yes,yes,yes,yes,no
,gets_from_jdbc,Application reads database records with SQL over a JDBC connection.,"fontname=Calibri fontsize=8 arrowsize=""0.5"" color=ForestGreen fontcolor=black taillabel=""Gets\lFrom\l"" headlabel=JDBC labelfontsize=8 penwidth=""0.75"" labelfontcolor=ForestGreen","source_kind=""app"" target_kind=""datastore"" interaction_type=""gets"" operation=""read"" protocol_type=""jdbc"" transport=""tcp"" encryption_in_transit=""optional"" status=""approved"" risk_level=""low"" modernity=""established""",edge,yes,yes,yes,yes,yes,no
,gets_from_ldap,Application reads directory entries with LDAP queries. Requires approval.,"fontname=Calibri fontsize=8 style=solid arrowsize=""0.5"" color=DarkGoldenrod1 fontcolor=black taillabel=""Gets\lFrom\l"" headlabel=LDAP labelfontsize=8 penwidth=""0.75"" labelfontcolor=DarkGoldenrod1","source_kind=""app"" target_kind=""datastore"" interaction_type=""gets"" operation=""read"" protocol_type=""ldap"" transport=""tcp"" encryption_in_transit=""optional"" status=""requires_approval"" risk_level=""low"" modernity=""established""",edge,yes,yes,yes,yes,yes,no
,gets_from_merge,Application reads merged or consolidated results from the data store.,"fontname=Calibri fontsize=8 style=solid arrowsize=""0.5"" color=ForestGreen fontcolor=black headlabel=Merge taillabel=""Gets\lFrom\l"" labelfontsize=8 penwidth=""0.75"" labelfontcolor=ForestGreen","source_kind=""app"" target_kind=""datastore"" interaction_type=""gets"" operation=""read"" protocol_type=""merge"" transport=""tcp"" encryption_in_transit=""optional"" status=""approved"" risk_level=""low"" modernity=""modern""",edge,yes,yes,yes,yes,yes,no
,gets_from_odbc,Application reads database records with SQL over an ODBC connection. Requires approval; JDBC preferred.,"fontname=Calibri fontsize=8 arrowsize=""0.5"" color=DarkGoldenrod1 fontcolor=black taillabel=""Gets\lFrom\l"" headlabel=ODBC labelfontsize=8 penwidth=""0.75"" labelfontcolor=DarkGoldenrod1 style=dashed","source_kind=""app"" target_kind=""datastore"" interaction_type=""gets"" operation=""read"" protocol_type=""odbc"" transport=""tcp"" encryption_in_transit=""optional"" status=""requires_approval"" risk_level=""low"" modernity=""legacy"" preferred_alternative=""gets_from_jdbc""",edge,yes,yes,yes,yes,yes,no
,gets_from_clone,"Application downloads a full copy of a code repository, including its history.","fontname=Calibri fontsize=8 style=solid arrowsize=""0.5"" color=ForestGreen fontcolor=black headlabel=Clone taillabel=""Gets\lFrom\l"" labelfontsize=8 penwidth=""0.75"" labelfontcolor=ForestGreen","source_kind=""app"" target_kind=""datastore"" interaction_type=""gets"" operation=""read"" protocol_type=""git_clone"" transport=""tcp"" encryption_in_transit=""enforced"" status=""approved"" risk_level=""low"" modernity=""modern""",edge,yes,yes,yes,yes,yes,no
,gets_from_pull,Application pulls data or changes from the store on demand rather than receiving pushed updates.,"fontname=Calibri fontsize=8 style=solid arrowsize=""0.5"" color=ForestGreen fontcolor=black headlabel=Pull taillabel=""Gets\lFrom\l"" labelfontsize=8 penwidth=""0.75"" labelfontcolor=ForestGreen","source_kind=""app"" target_kind=""datastore"" interaction_type=""gets"" operation=""read"" protocol_type=""pull"" transport=""tcp"" encryption_in_transit=""optional"" status=""approved"" risk_level=""low"" modernity=""modern""",edge,yes,yes,yes,yes,yes,no
,gets_from_push,Application receives data or changes pushed to it by the store.,"fontname=Calibri fontsize=8 style=solid arrowsize=""0.5"" color=ForestGreen fontcolor=black headlabel=Push taillabel=""Gets\lFrom\l"" labelfontsize=8 penwidth=""0.75"" labelfontcolor=ForestGreen","source_kind=""app"" target_kind=""datastore"" interaction_type=""gets"" operation=""read"" protocol_type=""push"" transport=""tcp"" encryption_in_transit=""optional"" status=""approved"" risk_level=""low"" modernity=""modern""",edge,yes,yes,yes,yes,yes,no
,gets_from_read,Application reads file content from a file system or folder.,"fontname=Calibri fontsize=8 style=solid arrowsize=""0.5"" color=ForestGreen fontcolor=black headlabel=Read taillabel=""File\lIO\l"" labelfontsize=8 labelfontcolor=ForestGreen penwidth=""0.75""","source_kind=""app"" target_kind=""datastore"" interaction_type=""gets"" operation=""read"" protocol_type=""read"" transport=""file_io"" encryption_in_transit=""not_applicable"" status=""approved"" risk_level=""low"" modernity=""established""",edge,yes,yes,yes,yes,yes,no
,gets_from_append,"Application reads records appended to a file, such as tailing a rolling log, or picks up files dropped into a folder.","fontname=Calibri fontsize=8 style=solid arrowsize=""0.5"" color=ForestGreen fontcolor=black headlabel=Append taillabel=""File\lIO\l"" labelfontsize=8 labelfontcolor=ForestGreen penwidth=""0.75""","source_kind=""app"" target_kind=""datastore"" interaction_type=""gets"" operation=""read"" protocol_type=""append"" transport=""file_io"" encryption_in_transit=""not_applicable"" status=""approved"" risk_level=""low"" modernity=""established""",edge,yes,yes,yes,yes,yes,no
,gets_from_delete,Application receives the results of file or directory delete and rename operations.,"fontname=Calibri fontsize=8 style=solid arrowsize=""0.5"" color=ForestGreen fontcolor=black headlabel=Delete taillabel=""File\lIO\l"" labelfontsize=8 labelfontcolor=ForestGreen penwidth=""0.75""","source_kind=""app"" target_kind=""datastore"" interaction_type=""gets"" operation=""delete"" protocol_type=""delete"" transport=""file_io"" encryption_in_transit=""not_applicable"" status=""approved"" risk_level=""medium"" modernity=""established""",edge,yes,yes,yes,yes,yes,no
,gets_from_execute,Application receives output from scripts or binaries launched from a file system location. Requires approval.,"fontname=Calibri fontsize=8 style=solid arrowsize=""0.5"" color=DarkGoldenrod1 fontcolor=black headlabel=Execute taillabel=""File\lIO\l"" labelfontsize=8 labelfontcolor=DarkGoldenrod1 penwidth=""0.75""","source_kind=""app"" target_kind=""datastore"" interaction_type=""gets"" operation=""execute"" protocol_type=""execute"" transport=""file_io"" encryption_in_transit=""not_applicable"" status=""requires_approval"" risk_level=""high"" modernity=""established""",edge,yes,yes,yes,yes,yes,no
,gets_from_sql_delete,"Application receives the results of SQL DELETE statements, such as affected row counts.","fontname=Calibri fontsize=8 arrowsize=""0.5"" color=ForestGreen fontcolor=black taillabel=SQL headlabel=DELETE labelfontsize=8 penwidth=""0.75"" labelfontcolor=ForestGreen","source_kind=""app"" target_kind=""datastore"" interaction_type=""gets"" operation=""delete"" protocol_type=""sql_delete"" transport=""tcp"" encryption_in_transit=""optional"" status=""approved"" risk_level=""medium"" modernity=""established""",edge,yes,yes,yes,yes,yes,no
,gets_from_sql_insert,"Application receives the results of SQL INSERT statements, such as generated keys or row counts.","fontname=Calibri fontsize=8 arrowsize=""0.5"" color=ForestGreen fontcolor=black taillabel=SQL headlabel=INSERT labelfontsize=8 penwidth=""0.75"" labelfontcolor=ForestGreen","source_kind=""app"" target_kind=""datastore"" interaction_type=""gets"" operation=""write"" protocol_type=""sql_insert"" transport=""tcp"" encryption_in_transit=""optional"" status=""approved"" risk_level=""medium"" modernity=""established""",edge,yes,yes,yes,yes,yes,no
,gets_from_sql_select,Application retrieves records from database tables with SQL SELECT queries.,"fontname=Calibri fontsize=8 arrowsize=""0.5"" color=ForestGreen fontcolor=black taillabel=SQL headlabel=SELECT labelfontsize=8 penwidth=""0.75"" labelfontcolor=ForestGreen","source_kind=""app"" target_kind=""datastore"" interaction_type=""gets"" operation=""read"" protocol_type=""sql_select"" transport=""tcp"" encryption_in_transit=""optional"" status=""approved"" risk_level=""low"" modernity=""established""",edge,yes,yes,yes,yes,yes,no
,gets_from_sql_update,"Application receives the results of SQL UPDATE statements, such as modified values or row counts.","fontname=Calibri fontsize=8 arrowsize=""0.5"" color=ForestGreen fontcolor=black taillabel=SQL headlabel=UPDATE labelfontsize=8 penwidth=""0.75"" labelfontcolor=ForestGreen","source_kind=""app"" target_kind=""datastore"" interaction_type=""gets"" operation=""write"" protocol_type=""sql_update"" transport=""tcp"" encryption_in_transit=""optional"" status=""approved"" risk_level=""medium"" modernity=""established""",edge,yes,yes,yes,yes,yes,no
,gets_from_stored_procedure,Application receives results from a database stored procedure. Requires approval to limit business logic in the database.,"fontname=Calibri fontsize=8 arrowsize=""0.5"" color=DarkGoldenrod1 fontcolor=black headlabel=""Call\lStored\lProcedure\l"" taillabel=""Gets\lFrom\l"" labelfontsize=8 penwidth=""0.75"" labelfontcolor=DarkGoldenrod1 style=solid","source_kind=""app"" target_kind=""datastore"" interaction_type=""gets"" operation=""execute"" protocol_type=""stored_procedure"" transport=""tcp"" encryption_in_transit=""optional"" status=""requires_approval"" risk_level=""medium"" modernity=""legacy""",edge,yes,yes,yes,yes,yes,no
,gets_from_cdc_and_replication,Application receives a continuous stream of changes captured from a database transaction log through CDC or replication.,"fontname=Calibri fontsize=8 arrowsize=""0.5"" color=ForestGreen fontcolor=black headlabel=""CDC and\lReplication\l"" taillabel=""Gets\lFrom\l"" labelfontsize=8 penwidth=""0.75"" labelfontcolor=ForestGreen style=solid","source_kind=""app"" target_kind=""datastore"" interaction_type=""gets"" operation=""read"" protocol_type=""cdc"" transport=""tcp"" encryption_in_transit=""optional"" status=""approved"" risk_level=""low"" modernity=""modern""",edge,yes,yes,yes,yes,yes,no
,gets_from_http_data_api,Application reads from a cloud database through a driverless HTTPS data API.,"fontname=Calibri fontsize=8 arrowsize=""0.5"" color=ForestGreen fontcolor=black headlabel=""HTTP\lData API\l"" taillabel=""Gets\lFrom\l"" labelfontsize=8 penwidth=""0.75"" labelfontcolor=ForestGreen style=solid","source_kind=""app"" target_kind=""datastore"" interaction_type=""gets"" operation=""read"" protocol_type=""http_data_api"" transport=""tcp"" encryption_in_transit=""enforced"" status=""approved"" risk_level=""low"" modernity=""modern""",edge,yes,yes,yes,yes,yes,no
,gets_from_write,"Application reads back data it previously wrote, such as to verify persisted content.","fontname=Calibri fontsize=8 style=solid arrowsize=""0.5"" color=ForestGreen fontcolor=black taillabel=""File\lIO\l"" headlabel=Write labelfontsize=8 labelfontcolor=ForestGreen penwidth=""0.75""","source_kind=""app"" target_kind=""datastore"" interaction_type=""gets"" operation=""read"" protocol_type=""write"" transport=""file_io"" encryption_in_transit=""not_applicable"" status=""approved"" risk_level=""low"" modernity=""established""",edge,yes,yes,yes,yes,yes,no
,sends_to_active_directory,"Application creates or updates identities, groups, or attributes in on-premises Active Directory. Approved; cloud identity provider preferred.","fontname=Calibri fontsize=8 style=dashed arrowsize=""0.5"" color=ForestGreen fontcolor=black headlabel=""Active\lDirectory\l"" taillabel=""Sends\lTo\l"" labelfontsize=8 penwidth=""0.75"" labelfontcolor=ForestGreen","source_kind=""app"" target_kind=""datastore"" interaction_type=""sends"" operation=""write"" protocol_type=""ldap"" transport=""tcp"" encryption_in_transit=""optional"" status=""approved"" risk_level=""low"" modernity=""established"" preferred_alternative=""sends_to_cloud_identity_provider""",edge,yes,yes,yes,yes,yes,no
,sends_to_cloud_identity_provider,"Application creates or updates identities, groups, or attributes in a cloud identity provider such as Okta or Microsoft Entra ID.","fontname=Calibri fontsize=8 style=solid arrowsize=""0.5"" color=ForestGreen fontcolor=black headlabel=""Cloud\lIdentity\lProvider\l"" taillabel=""Sends\lTo\l"" labelfontsize=8 penwidth=""0.75"" labelfontcolor=ForestGreen","source_kind=""app"" target_kind=""datastore"" interaction_type=""sends"" operation=""write"" protocol_type=""identity_api"" transport=""tcp"" encryption_in_transit=""enforced"" status=""approved"" risk_level=""low"" modernity=""modern""",edge,yes,yes,yes,yes,yes,no
,sends_to_scim,Application pushes user and group provisioning changes to a target system through SCIM.,"fontname=Calibri fontsize=8 style=solid arrowsize=""0.5"" color=ForestGreen fontcolor=black headlabel=""SCIM"" taillabel=""Sends\lTo\l"" labelfontsize=8 penwidth=""0.75"" labelfontcolor=ForestGreen","source_kind=""app"" target_kind=""datastore"" interaction_type=""sends"" operation=""write"" protocol_type=""scim"" transport=""tcp"" encryption_in_transit=""enforced"" status=""approved"" risk_level=""low"" modernity=""modern""",edge,yes,yes,yes,yes,yes,no
,sends_to_commit,"Application commits a transaction, making its changes durable in the data store.","fontname=Calibri fontsize=8 style=solid arrowsize=""0.5"" color=ForestGreen fontcolor=black taillabel=""Sends\lTo\l"" headlabel=Commit labelfontsize=8 labelfontcolor=ForestGreen penwidth=""0.75""","source_kind=""app"" target_kind=""datastore"" interaction_type=""sends"" operation=""write"" protocol_type=""commit"" transport=""tcp"" encryption_in_transit=""optional"" status=""approved"" risk_level=""low"" modernity=""modern""",edge,yes,yes,yes,yes,yes,no
,sends_to_data_loader,Application sends data to a data loader for staging or bulk ingestion.,"fontname=Calibri fontsize=8 arrowsize=""0.5"" color=ForestGreen fontcolor=black headlabel=Load taillabel=""Data\lLoader\l"" labelfontsize=8 penwidth=""0.75"" labelfontcolor=ForestGreen","source_kind=""app"" target_kind=""datastore"" interaction_type=""sends"" operation=""write"" protocol_type=""loader"" transport=""tcp"" encryption_in_transit=""optional"" status=""approved"" risk_level=""low"" modernity=""modern""",edge,yes,yes,yes,yes,yes,no
,sends_to_cdc_and_replication,Application database changes are captured from the transaction log and replicated continuously to a target store.,"fontname=Calibri fontsize=8 arrowsize=""0.5"" color=ForestGreen fontcolor=black headlabel=""CDC and\lReplication\l"" taillabel=""Sends\lTo\l"" labelfontsize=8 penwidth=""0.75"" labelfontcolor=ForestGreen","source_kind=""app"" target_kind=""datastore"" interaction_type=""sends"" operation=""write"" protocol_type=""cdc"" transport=""tcp"" encryption_in_transit=""optional"" status=""approved"" risk_level=""low"" modernity=""modern""",edge,yes,yes,yes,yes,yes,no
,sends_to_http_data_api,Application writes to a cloud database through a driverless HTTPS data API.,"fontname=Calibri fontsize=8 arrowsize=""0.5"" color=ForestGreen fontcolor=black headlabel=""HTTP\lData API\l"" taillabel=""Sends\lTo\l"" labelfontsize=8 penwidth=""0.75"" labelfontcolor=ForestGreen","source_kind=""app"" target_kind=""datastore"" interaction_type=""sends"" operation=""write"" protocol_type=""http_data_api"" transport=""tcp"" encryption_in_transit=""enforced"" status=""approved"" risk_level=""low"" modernity=""modern""",edge,yes,yes,yes,yes,yes,no
,sends_to_dequeue,Application removes a processed item from a queue.,"fontname=Calibri fontsize=8 style=solid arrowsize=""0.5"" color=ForestGreen fontcolor=black headlabel=Dequeue taillabel=""Sends\lTo\l"" labelfontsize=8 penwidth=""0.75"" labelfontcolor=ForestGreen","source_kind=""app"" target_kind=""datastore"" interaction_type=""sends"" operation=""consume"" protocol_type=""queue"" transport=""tcp"" encryption_in_transit=""optional"" status=""approved"" risk_level=""low"" modernity=""modern""",edge,yes,yes,yes,yes,yes,no
,sends_to_enqueue,Application places messages or tasks on a queue for asynchronous processing.,"fontname=Calibri fontsize=8 style=solid arrowsize=""0.5"" color=ForestGreen fontcolor=black taillabel=""Sends\lTo\l"" headlabel=Enqueue labelfontsize=8 penwidth=""0.75"" labelfontcolor=ForestGreen","source_kind=""app"" target_kind=""datastore"" interaction_type=""sends"" operation=""write"" protocol_type=""queue"" transport=""tcp"" encryption_in_transit=""optional"" status=""approved"" risk_level=""low"" modernity=""modern""",edge,yes,yes,yes,yes,yes,no
,sends_to_peek,Application issues a peek request to inspect queue messages without removing them.,"fontname=Calibri fontsize=8 style=solid arrowsize=""0.5"" color=ForestGreen fontcolor=black taillabel=""Sends\lTo\l"" headlabel=Peek labelfontsize=8 penwidth=""0.75"" labelfontcolor=ForestGreen","source_kind=""app"" target_kind=""datastore"" interaction_type=""sends"" operation=""read"" protocol_type=""queue"" transport=""tcp"" encryption_in_transit=""optional"" status=""approved"" risk_level=""low"" modernity=""modern""",edge,yes,yes,yes,yes,yes,no
,sends_to_ack,"Application acknowledges a processed message so the queue can release it, completing a distributed transaction step.","fontname=Calibri fontsize=8 style=solid arrowsize=""0.5"" color=ForestGreen fontcolor=black taillabel=""Sends\lTo\l"" headlabel=Ack labelfontsize=8 penwidth=""0.75"" labelfontcolor=ForestGreen","source_kind=""app"" target_kind=""datastore"" interaction_type=""sends"" operation=""delete"" protocol_type=""queue"" transport=""tcp"" encryption_in_transit=""optional"" status=""approved"" risk_level=""low"" modernity=""modern""",edge,yes,yes,yes,yes,yes,no
,sends_to_fetch,Application submits a fetch request or lookup parameters to the data store.,"fontname=Calibri fontsize=8 style=solid arrowsize=""0.5"" color=ForestGreen fontcolor=black taillabel=""Sends\lTo\l"" headlabel=Fetch labelfontsize=8 labelfontcolor=ForestGreen penwidth=""0.75""","source_kind=""app"" target_kind=""datastore"" interaction_type=""sends"" operation=""read"" protocol_type=""fetch"" transport=""tcp"" encryption_in_transit=""optional"" status=""approved"" risk_level=""low"" modernity=""modern""",edge,yes,yes,yes,yes,yes,no
,sends_to_jdbc,Application writes or updates database records with SQL over a JDBC connection.,"fontname=Calibri fontsize=8 arrowsize=""0.5"" color=ForestGreen fontcolor=black headlabel=JDBC taillabel=""Sends\lTo\l"" labelfontsize=8 penwidth=""0.75"" labelfontcolor=ForestGreen","source_kind=""app"" target_kind=""datastore"" interaction_type=""sends"" operation=""write"" protocol_type=""jdbc"" transport=""tcp"" encryption_in_transit=""optional"" status=""approved"" risk_level=""low"" modernity=""established""",edge,yes,yes,yes,yes,yes,no
,sends_to_ldap,Application creates or modifies directory entries with LDAP operations. Requires approval.,"fontname=Calibri fontsize=8 style=solid arrowsize=""0.5"" color=DarkGoldenrod1 fontcolor=black headlabel=LDAP taillabel=""Sends\lTo\l"" labelfontsize=8 penwidth=""0.75"" labelfontcolor=DarkGoldenrod1","source_kind=""app"" target_kind=""datastore"" interaction_type=""sends"" operation=""write"" protocol_type=""ldap"" transport=""tcp"" encryption_in_transit=""optional"" status=""requires_approval"" risk_level=""low"" modernity=""established""",edge,yes,yes,yes,yes,yes,no
,sends_to_merge,Application sends data to be merged or consolidated in the data store.,"fontname=Calibri fontsize=8 style=solid arrowsize=""0.5"" color=ForestGreen fontcolor=black taillabel=""Sends\lTo\l"" headlabel=Merge labelfontsize=8 labelfontcolor=ForestGreen penwidth=""0.75""","source_kind=""app"" target_kind=""datastore"" interaction_type=""sends"" operation=""write"" protocol_type=""merge"" transport=""tcp"" encryption_in_transit=""optional"" status=""approved"" risk_level=""low"" modernity=""modern""",edge,yes,yes,yes,yes,yes,no
,sends_to_odbc,Application writes or updates database records with SQL over an ODBC connection. Requires approval; JDBC preferred.,"fontname=Calibri fontsize=8 arrowsize=""0.5"" color=DarkGoldenrod1 fontcolor=black headlabel=ODBC taillabel=""Sends\lTo\l"" labelfontsize=8 penwidth=""0.75"" labelfontcolor=DarkGoldenrod1 style=dashed","source_kind=""app"" target_kind=""datastore"" interaction_type=""sends"" operation=""write"" protocol_type=""odbc"" transport=""tcp"" encryption_in_transit=""optional"" status=""requires_approval"" risk_level=""low"" modernity=""legacy"" preferred_alternative=""sends_to_jdbc""",edge,yes,yes,yes,yes,yes,no
,sends_to_clone,"Application initiates a clone of a code repository, such as mirroring or forking it to a new location.","fontname=Calibri fontsize=8 style=solid arrowsize=""0.5"" color=ForestGreen fontcolor=black taillabel=""Sends\lTo\l"" headlabel=Clone labelfontsize=8 labelfontcolor=ForestGreen penwidth=""0.75""","source_kind=""app"" target_kind=""datastore"" interaction_type=""sends"" operation=""write"" protocol_type=""git_clone"" transport=""tcp"" encryption_in_transit=""enforced"" status=""approved"" risk_level=""low"" modernity=""modern""",edge,yes,yes,yes,yes,yes,no
,sends_to_pull,Application stages data for the store to pull on its own schedule.,"fontname=Calibri fontsize=8 style=solid arrowsize=""0.5"" color=ForestGreen fontcolor=black taillabel=""Sends\lTo\l"" headlabel=""Pull"" labelfontsize=8 labelfontcolor=ForestGreen penwidth=""0.75""","source_kind=""app"" target_kind=""datastore"" interaction_type=""sends"" operation=""write"" protocol_type=""pull"" transport=""tcp"" encryption_in_transit=""optional"" status=""approved"" risk_level=""low"" modernity=""modern""",edge,yes,yes,yes,yes,yes,no
,sends_to_push,"Application pushes data or changes to the store, such as a push to a remote repository.","fontname=Calibri fontsize=8 style=solid arrowsize=""0.5"" color=ForestGreen fontcolor=black taillabel=""Sends\lTo\l"" headlabel=Push labelfontsize=8 labelfontcolor=ForestGreen penwidth=""0.75""","source_kind=""app"" target_kind=""datastore"" interaction_type=""sends"" operation=""write"" protocol_type=""push"" transport=""tcp"" encryption_in_transit=""optional"" status=""approved"" risk_level=""low"" modernity=""modern""",edge,yes,yes,yes,yes,yes,no
,sends_to_read,Application issues a read request against a file or folder.,"fontname=Calibri fontsize=8 style=solid arrowsize=""0.5"" color=ForestGreen fontcolor=black headlabel=Read taillabel=""File\lIO\l"" labelfontsize=8 labelfontcolor=ForestGreen penwidth=""0.75""","source_kind=""app"" target_kind=""datastore"" interaction_type=""sends"" operation=""read"" protocol_type=""read"" transport=""file_io"" encryption_in_transit=""not_applicable"" status=""approved"" risk_level=""low"" modernity=""established""",edge,yes,yes,yes,yes,yes,no
,sends_to_sql_delete,Application removes database records with SQL DELETE statements.,"fontname=Calibri fontsize=8 arrowsize=""0.5"" color=ForestGreen fontcolor=black headlabel=DELETE taillabel=SQL labelfontsize=8 penwidth=""0.75"" labelfontcolor=ForestGreen","source_kind=""app"" target_kind=""datastore"" interaction_type=""sends"" operation=""delete"" protocol_type=""sql_delete"" transport=""tcp"" encryption_in_transit=""optional"" status=""approved"" risk_level=""medium"" modernity=""established""",edge,yes,yes,yes,yes,yes,no
,sends_to_sql_insert,Application adds database records with SQL INSERT statements.,"fontname=Calibri fontsize=8 arrowsize=""0.5"" color=ForestGreen fontcolor=black headlabel=INSERT taillabel=SQL labelfontsize=8 penwidth=""0.75"" labelfontcolor=ForestGreen","source_kind=""app"" target_kind=""datastore"" interaction_type=""sends"" operation=""write"" protocol_type=""sql_insert"" transport=""tcp"" encryption_in_transit=""optional"" status=""approved"" risk_level=""medium"" modernity=""established""",edge,yes,yes,yes,yes,yes,no
,sends_to_sql_select,Application issues SQL SELECT queries to retrieve records.,"fontname=Calibri fontsize=8 arrowsize=""0.5"" color=ForestGreen fontcolor=black headlabel=SELECT taillabel=SQL labelfontsize=8 penwidth=""0.75"" labelfontcolor=ForestGreen","source_kind=""app"" target_kind=""datastore"" interaction_type=""sends"" operation=""read"" protocol_type=""sql_select"" transport=""tcp"" encryption_in_transit=""optional"" status=""approved"" risk_level=""low"" modernity=""established""",edge,yes,yes,yes,yes,yes,no
,sends_to_sql_update,Application modifies existing database records with SQL UPDATE statements.,"fontname=Calibri fontsize=8 arrowsize=""0.5"" color=ForestGreen fontcolor=black headlabel=UPDATE taillabel=SQL labelfontsize=8 penwidth=""0.75"" labelfontcolor=ForestGreen","source_kind=""app"" target_kind=""datastore"" interaction_type=""sends"" operation=""write"" protocol_type=""sql_update"" transport=""tcp"" encryption_in_transit=""optional"" status=""approved"" risk_level=""medium"" modernity=""established""",edge,yes,yes,yes,yes,yes,no
,sends_to_stored_procedure,Application invokes a database stored procedure with input parameters. Requires approval to limit business logic in the database.,"fontname=Calibri fontsize=8 arrowsize=""0.5"" color=DarkGoldenrod1 fontcolor=black headlabel=""Call\lStored\lProcedure\l"" taillabel=""Sends\lTo\l"" labelfontsize=8 penwidth=""0.75"" labelfontcolor=DarkGoldenrod1 style=solid","source_kind=""app"" target_kind=""datastore"" interaction_type=""sends"" operation=""execute"" protocol_type=""stored_procedure"" transport=""tcp"" encryption_in_transit=""optional"" status=""requires_approval"" risk_level=""medium"" modernity=""legacy""",edge,yes,yes,yes,yes,yes,no
,sends_to_write,Application writes or overwrites file content in a file system or folder.,"fontname=Calibri fontsize=8 style=solid arrowsize=""0.5"" color=ForestGreen fontcolor=black taillabel=""File\lIO\l"" headlabel=Write labelfontsize=8 labelfontcolor=ForestGreen penwidth=""0.75""","source_kind=""app"" target_kind=""datastore"" interaction_type=""sends"" operation=""write"" protocol_type=""write"" transport=""file_io"" encryption_in_transit=""not_applicable"" status=""approved"" risk_level=""low"" modernity=""established""",edge,yes,yes,yes,yes,yes,no
,sends_to_append,"Application appends records to the end of a file, such as a rolling log, or drops files into a folder.","fontname=Calibri fontsize=8 style=solid arrowsize=""0.5"" color=ForestGreen fontcolor=black taillabel=""File\lIO\l"" headlabel=Append labelfontsize=8 labelfontcolor=ForestGreen penwidth=""0.75""","source_kind=""app"" target_kind=""datastore"" interaction_type=""sends"" operation=""write"" protocol_type=""append"" transport=""file_io"" encryption_in_transit=""not_applicable"" status=""approved"" risk_level=""low"" modernity=""established""",edge,yes,yes,yes,yes,yes,no
,sends_to_delete,Application deletes or renames files or directories.,"fontname=Calibri fontsize=8 style=solid arrowsize=""0.5"" color=ForestGreen fontcolor=black taillabel=""File\lIO\l"" headlabel=Delete labelfontsize=8 labelfontcolor=ForestGreen penwidth=""0.75""","source_kind=""app"" target_kind=""datastore"" interaction_type=""sends"" operation=""delete"" protocol_type=""delete"" transport=""file_io"" encryption_in_transit=""not_applicable"" status=""approved"" risk_level=""medium"" modernity=""established""",edge,yes,yes,yes,yes,yes,no
,sends_to_execute,Application launches scripts or binaries from a file system location. Requires approval.,"fontname=Calibri fontsize=8 style=solid arrowsize=""0.5"" color=DarkGoldenrod1 fontcolor=black taillabel=""File\lIO\l"" headlabel=Execute labelfontsize=8 labelfontcolor=DarkGoldenrod1 penwidth=""0.75""","source_kind=""app"" target_kind=""datastore"" interaction_type=""sends"" operation=""execute"" protocol_type=""execute"" transport=""file_io"" encryption_in_transit=""not_applicable"" status=""requires_approval"" risk_level=""high"" modernity=""established""",edge,yes,yes,yes,yes,yes,no
,transparent_edge,"Invisible connection used only to influence layout, alignment, or ordering. It does not represent a real interaction.","fontname=Calibri fontsize=8 style=solid arrowsize=""0.5"" color=invis fontcolor=invis labelfontsize=8 labelfontcolor=invis penwidth=""0.75""",,edge,yes,yes,yes,yes,yes,no
